Problem,Greedy Profit,Greedy Weight,Greedy Time,Brute Force Profit,Brute Force Weight,Brute Force Time,Branch and Bound Profit,Branch and Bound Weight,Branch and Bound Time,Dynamic Profit,Dynamic Weight,Dynamic Time,OR_Dynamic Profit,OR_Dynamic Weight,OR_Dynamic Time,OR_Integer Profit,OR_Integer Weight,OR_Integer Time,
problem_10_50_1_1_5.txt,123,51,0.000002,123,51,0.000588,123,51,0.000020,123,51,0.000034,123,51,0.000030,123,51,0.005282,
problem_10_50_2_1_5.txt,64,51,0.000002,64,51,0.000540,64,51,0.000023,64,51,0.000033,64,51,0.000021,64,51,0.003385,
problem_10_50_3_1_5.txt,68,38,0.000001,81,51,0.000515,81,51,0.000156,81,51,0.000038,81,51,0.000029,81,51,0.006843,
problem_10_50_4_1_5.txt,31,31,0.000001,51,51,0.000524,51,51,0.000724,51,51,0.000033,51,51,0.000016,51,51,0.007930,
problem_10_100_1_1_5.txt,273,70,0.000002,281,100,0.000531,281,100,0.000039,281,100,0.000062,281,100,0.000017,281,100,0.007756,
problem_10_100_2_1_5.txt,126,101,0.000001,126,101,0.000539,126,101,0.000021,126,101,0.000064,126,101,0.000019,126,101,0.003426,
problem_10_100_3_1_5.txt,111,81,0.000001,128,98,0.000524,128,98,0.000531,128,98,0.000063,128,98,0.000018,128,98,0.006589,
problem_10_100_4_1_5.txt,81,81,0.000001,98,98,0.000534,98,98,0.002565,98,98,0.000061,98,98,0.000019,98,98,0.007974,
problem_10_500_1_1_5.txt,1013,330,0.000001,1104,472,0.000502,1104,472,0.000046,1104,472,0.000302,1104,472,0.000021,1104,472,0.008029,
problem_10_500_2_1_5.txt,541,495,0.000001,541,495,0.000514,541,495,0.000021,541,495,0.000306,541,495,0.000019,541,495,0.005640,
problem_10_500_3_1_5.txt,402,382,0.000001,565,545,0.000507,565,545,0.001840,565,545,0.000351,565,545,0.000018,565,545,0.009242,
problem_10_500_4_1_5.txt,523,523,0.000001,545,545,0.000528,545,545,0.001005,545,545,0.000381,545,545,0.000021,545,545,0.008525,
problem_10_1000_1_1_5.txt,1136,616,0.000001,1185,931,0.000519,1185,931,0.000036,1185,931,0.000709,1185,931,0.000025,1185,931,0.006854,
problem_10_1000_2_1_5.txt,1052,931,0.000001,1052,931,0.000521,1052,931,0.000413,1052,931,0.000740,1052,931,0.000023,1052,931,0.005925,
problem_10_1000_3_1_5.txt,1017,987,0.000001,1156,1136,0.000514,1156,1136,0.002254,1156,1136,0.000696,1156,1136,0.000024,1156,1136,0.008563,
problem_10_1000_4_1_5.txt,781,781,0.000001,1136,1136,0.000519,1136,1136,0.000884,1136,1136,0.000697,1136,1136,0.000023,1136,1136,0.007409,
problem_50_50_1_1_5.txt,563,181,0.000007,377,180,12.799980,563,181,0.000433,563,181,0.000533,563,181,0.000114,563,181,0.005792,
problem_50_50_2_1_5.txt,230,171,0.000007,215,181,12.858240,241,181,0.000864,241,181,0.000568,241,181,0.000108,241,181,0.010211,
problem_50_50_3_1_5.txt,405,205,0.000007,332,212,10.884580,412,212,0.003643,412,212,0.000666,412,212,0.000151,412,212,0.010111,
problem_50_50_4_1_5.txt,206,206,0.000003,212,212,13.043904,212,212,0.202036,212,212,0.000762,212,212,0.000124,212,212,0.010187,
problem_50_100_1_1_5.txt,1493,362,0.000008,953,373,10.979240,1493,362,0.000645,1493,362,0.001088,1493,362,0.000176,1493,362,0.007858,
problem_50_100_2_1_5.txt,479,369,0.000008,445,371,11.020671,481,373,0.003266,481,373,0.001106,481,373,0.000357,481,373,0.015906,
problem_50_100_3_1_5.txt,604,414,0.000007,559,419,10.880529,610,420,0.001198,610,420,0.001279,610,420,0.000241,610,420,0.011446,
problem_50_100_4_1_5.txt,356,356,0.000003,420,420,11.015461,420,420,0.066785,420,420,0.001260,420,420,0.000450,420,420,0.012407,
problem_50_500_1_1_5.txt,5830,2169,0.000008,3944,2249,10.940477,5860,2251,0.002891,5860,2251,0.006772,5860,2251,0.000704,5860,2251,0.017885,
problem_50_500_2_1_5.txt,2578,2180,0.000007,2509,2252,10.929229,2638,2242,0.008911,2645,2249,0.006925,2645,2249,0.000600,2645,2249,0.183025,
problem_50_500_3_1_5.txt,2415,2235,0.000008,2357,2237,10.802518,2415,2235,0.001216,2415,2235,0.006521,2415,2235,0.001226,2415,2235,0.008774,
problem_50_500_4_1_5.txt,2231,2231,0.000003,2237,2237,10.840404,2237,2237,1.701975,2237,2237,0.006472,2237,2237,0.000207,2237,2237,0.018199,
problem_50_1000_1_1_5.txt,9430,4295,0.000007,6490,5087,10.871623,10281,5073,0.001691,10281,5073,0.014948,10281,5073,0.001529,10281,5073,0.012813,
problem_50_1000_2_1_5.txt,5202,4526,0.000008,5639,5083,10.864404,5781,5066,0.000566,5796,5089,0.015383,5796,5089,0.001213,5796,5089,0.050177,
problem_50_1000_3_1_5.txt,4455,4255,0.000008,4689,4569,10.804337,4770,4570,0.011994,4770,4570,0.014220,4770,4570,0.002754,4770,4570,0.007939,
problem_50_1000_4_1_5.txt,3763,3763,0.000003,4570,4570,10.725581,4570,4570,0.988014,4570,4570,0.013569,4570,4570,0.000769,4570,4570,0.006695,
problem_100_50_1_1_5.txt,1145,395,0.000015,585,392,10.767801,1145,395,0.002108,1145,395,0.002348,1145,395,0.000602,1145,395,0.009107,
problem_100_50_2_1_5.txt,503,394,0.000014,434,396,10.704530,504,395,0.002871,504,396,0.002323,504,396,0.000508,504,396,0.011768,
problem_100_50_3_1_5.txt,813,403,0.000016,587,407,10.772719,817,407,0.007338,817,407,0.002526,817,407,0.000994,817,407,0.007795,
problem_100_50_4_1_5.txt,406,406,0.000005,407,407,10.726150,327,327,10.000726,407,407,0.002536,407,407,0.000177,407,407,0.010125,
problem_100_100_1_1_5.txt,2708,771,0.000017,1304,793,10.617386,2721,784,0.187415,2722,790,0.004776,2722,790,0.001108,2722,790,0.034509,
problem_100_100_2_1_5.txt,1003,789,0.000015,861,796,10.631880,1008,796,0.009716,1008,795,0.004783,1008,796,0.001089,1008,795,0.227483,
problem_100_100_3_1_5.txt,1195,805,0.000015,1032,832,10.721339,1222,832,2.365533,1222,832,0.004856,1222,832,0.001705,1222,832,0.019166,
problem_100_100_4_1_5.txt,806,806,0.000005,832,832,10.679663,727,727,10.002632,832,832,0.005089,832,832,0.000276,832,832,0.007568,
problem_100_500_1_1_5.txt,10845,4323,0.000015,5977,4458,10.730037,11088,4552,0.177254,11175,4554,0.027364,11175,4554,0.004718,11175,4554,0.030371,
problem_100_500_2_1_5.txt,5174,4353,0.000015,4789,4548,10.669080,5392,4563,0.000475,5403,4561,0.026915,5403,4561,0.005242,5403,4561,0.022121,
problem_100_500_3_1_5.txt,4823,4453,0.000017,4762,4582,10.731635,4952,4582,1.219118,4952,4582,0.026698,4952,4582,0.008434,4952,4582,0.023685,
problem_100_500_4_1_5.txt,4368,4368,0.000005,4582,4582,10.728328,4327,4327,10.000695,4582,4582,0.026053,4582,4582,0.001031,4582,4582,0.007947,
problem_100_1000_1_1_5.txt,20724,8719,0.000015,8954,9350,10.664888,21447,9358,0.002105,21538,9353,0.055339,21538,9353,0.010569,21538,9353,0.015512,
problem_100_1000_2_1_5.txt,10002,8723,0.000014,10137,9378,10.698880,10688,9383,0.012058,10713,9395,0.056295,10713,9395,0.007119,10713,9395,0.082870,
problem_100_1000_3_1_5.txt,8983,8593,0.000016,9168,8998,10.566582,9286,8896,10.000384,9388,8998,0.052519,9388,8998,0.017153,9388,8998,0.061141,
problem_100_1000_4_1_5.txt,8868,8868,0.000005,8998,8998,10.701786,8327,8327,10.001267,8998,8998,0.052403,8998,8998,0.001834,8998,8998,0.096364,
problem_500_50_1_1_5.txt,5862,2119,0.000075,679,538,10.675940,5891,2147,0.220752,5900,2147,0.066436,5900,2147,0.063771,5900,2147,0.029496,
problem_500_50_2_1_5.txt,2607,2127,0.000078,535,512,10.498596,2628,2147,0.025574,2629,2147,0.063184,2629,2147,0.048784,2629,2147,0.019441,
problem_500_50_3_1_5.txt,4210,2130,0.000064,825,595,10.532794,3534,1684,10.000342,4218,2138,0.064040,4218,2138,0.091949,4218,2138,0.008286,
problem_500_50_4_1_5.txt,2123,2123,0.000029,595,595,10.535923,310,310,10.003736,2138,2138,0.063151,2138,2138,0.005455,2138,2138,0.005274,
problem_500_100_1_1_5.txt,12498,4026,0.000081,1351,954,10.696464,12546,4072,0.022017,12563,4072,0.118422,12563,4072,0.123445,12563,4072,0.034743,
problem_500_100_2_1_5.txt,5000,4065,0.000074,983,954,10.660944,5007,4072,0.017218,5007,4072,0.118415,5007,4072,0.093922,5007,4072,0.022259,
problem_500_100_3_1_5.txt,6259,4259,0.000077,1325,1095,10.650185,4562,2912,10.003479,6280,4280,0.124936,6280,4280,0.163717,6280,4280,0.007804,
problem_500_100_4_1_5.txt,4233,4233,0.000017,1095,1095,10.661636,710,710,10.001943,4280,4280,0.125658,4280,4280,0.010956,4280,4280,0.009551,
problem_500_500_1_1_5.txt,62046,20047,0.000082,6495,6092,10.469666,62254,20239,1.604132,62328,20239,0.599451,62328,20239,0.634481,62328,20239,0.058834,
problem_500_500_2_1_5.txt,24300,20104,0.000081,6358,6354,10.504496,24443,20239,1.166704,24446,20239,0.585119,24446,20239,0.462780,24445,20239,0.290307,
problem_500_500_3_1_5.txt,23197,21177,0.000077,7025,6795,10.645315,14012,12472,10.004499,23333,21313,0.619566,23333,21313,0.811130,23331,21311,0.140779,
problem_500_500_4_1_5.txt,21185,21185,0.000018,6795,6795,10.653962,4110,4110,10.002992,21313,21313,0.613669,21313,21313,0.052529,21313,21313,0.011813,
problem_500_1000_1_1_5.txt,121774,41172,0.000082,10451,15354,10.703210,122012,41393,0.204495,122093,41405,1.220106,122093,41405,1.249301,122093,41405,0.049785,
problem_500_1000_2_1_5.txt,48021,40619,0.000083,15843,15354,10.471082,48812,41402,1.667563,48883,41406,1.200474,48883,41406,0.922235,48883,41406,0.059210,
problem_500_1000_3_1_5.txt,44994,43004,0.000095,14025,13795,10.719418,23465,22035,10.001975,45303,43313,1.255385,45303,43313,1.524559,45303,43313,0.091168,
problem_500_1000_4_1_5.txt,43185,43185,0.000016,13795,13795,10.724359,8110,8110,10.003318,43313,43313,1.251777,43313,43313,0.106342,43313,43313,0.018704,
problem_10_50_1_2_5.txt,106,44,0.000001,127,84,0.000993,127,84,0.000058,127,84,0.000061,127,84,0.000019,127,84,0.008027,
problem_10_50_2_2_5.txt,84,73,0.000002,91,84,0.000535,91,84,0.000082,91,84,0.000054,91,84,0.000021,91,84,0.008548,
problem_10_50_3_2_5.txt,127,77,0.000002,139,89,0.000527,139,89,0.000712,139,89,0.000079,139,89,0.000022,139,89,0.009069,
problem_10_50_4_2_5.txt,68,68,0.000001,90,90,0.000555,90,90,0.005784,90,90,0.000084,90,90,0.000027,90,90,0.010040,
problem_10_100_1_2_5.txt,296,185,0.000002,302,201,0.000638,302,201,0.000057,302,201,0.000153,302,201,0.000028,302,201,0.019832,
problem_10_100_2_2_5.txt,214,197,0.000002,215,198,0.000780,215,198,0.000148,215,198,0.000131,215,198,0.000034,215,198,0.009209,
problem_10_100_3_2_5.txt,235,185,0.000002,235,185,0.000522,235,185,0.000053,235,185,0.000121,235,185,0.000027,235,185,0.009025,
problem_10_100_4_2_5.txt,118,118,0.000001,190,190,0.000610,190,190,0.004598,190,190,0.000119,190,190,0.000025,190,190,0.005052,
problem_10_500_1_2_5.txt,1376,496,0.000002,1598,718,0.000507,1598,718,0.000072,1598,718,0.000440,1598,718,0.000029,1598,718,0.010142,
problem_10_500_2_2_5.txt,802,675,0.000002,847,728,0.000558,821,722,0.000094,847,728,0.000444,847,728,0.000030,847,728,0.007709,
problem_10_500_3_2_5.txt,620,570,0.000002,838,788,0.000640,838,788,0.001253,838,788,0.000487,838,788,0.000033,838,788,0.038122,
problem_10_500_4_2_5.txt,500,500,0.000001,788,788,0.000519,788,788,0.019061,788,788,0.000476,788,788,0.000043,788,788,0.065581,
problem_10_1000_1_2_5.txt,2711,1478,0.000002,3009,1753,0.000530,3009,1753,0.000042,3009,1753,0.001137,3009,1753,0.000046,3009,1753,0.007947,
problem_10_1000_2_2_5.txt,1903,1623,0.000002,2139,1898,0.000535,2139,1898,0.000066,2139,1898,0.001111,2139,1898,0.000037,2139,1898,0.007072,
problem_10_1000_3_2_5.txt,1563,1523,0.000002,1983,1953,0.000492,1983,1953,0.027781,1983,1953,0.001217,1983,1953,0.000113,1983,1953,0.313034,
problem_10_1000_4_2_5.txt,1694,1694,0.000001,1953,1953,0.000598,1953,1953,0.026108,1953,1953,0.001159,1953,1953,0.000040,1953,1953,0.074264,
problem_50_50_1_2_5.txt,791,392,0.000008,535,406,10.344062,800,404,0.001759,802,406,0.001246,802,406,0.000311,802,406,0.013308,
problem_50_50_2_2_5.txt,463,402,0.000008,426,406,10.367448,466,406,0.007897,466,406,0.001252,466,406,0.000285,466,406,0.011792,
problem_50_50_3_2_5.txt,670,380,0.000018,592,402,10.529300,692,402,1.659437,692,402,0.001229,692,402,0.000336,692,402,0.014226,
problem_50_50_4_2_5.txt,397,397,0.000004,402,402,10.546742,322,322,10.001379,402,402,0.001268,402,402,0.000167,402,402,0.007503,
problem_50_100_1_2_5.txt,1610,788,0.000008,1053,821,10.363665,1626,823,0.000972,1629,813,0.002436,1629,812,0.000553,1629,813,0.025226,
problem_50_100_2_2_5.txt,864,745,0.000008,888,821,10.576015,944,823,0.001543,944,823,0.002384,944,823,0.000527,944,823,0.016055,
problem_50_100_3_2_5.txt,1116,846,0.000008,1066,886,10.611631,1156,886,0.260835,1156,886,0.002730,1156,886,0.000738,1156,886,0.016427,
problem_50_100_4_2_5.txt,854,854,0.000004,886,886,10.413731,722,722,10.001765,886,886,0.002702,886,886,0.000218,886,886,0.006673,
problem_50_500_1_2_5.txt,7414,4333,0.000008,5854,4714,10.417478,7427,4669,0.000455,7733,4700,0.014124,7733,4700,0.001839,7733,4700,0.016028,
problem_50_500_2_2_5.txt,5237,4612,0.000016,5038,4718,10.604781,5336,4722,0.005494,5336,4722,0.014025,5336,4722,0.001612,5336,4722,0.025685,
problem_50_500_3_2_5.txt,4574,4294,0.000008,4542,4352,10.610197,4632,4352,0.005767,4632,4352,0.012841,4632,4352,0.003492,4632,4352,0.019394,
problem_50_500_4_2_5.txt,4147,4147,0.000004,4352,4352,10.607912,3322,3322,10.001937,4352,4352,0.013051,4352,4352,0.000879,4352,4352,0.014511,
problem_50_1000_1_2_5.txt,15498,8224,0.000010,12093,8713,10.596675,15615,8678,0.001563,15814,8717,0.026148,15814,8717,0.003836,15814,8717,0.029646,
problem_50_1000_2_2_5.txt,9575,8343,0.000008,9157,8717,10.300373,9961,8721,0.005674,9961,8721,0.026734,9961,8721,0.003419,9961,8721,0.238301,
problem_50_1000_3_2_5.txt,9253,8993,0.000009,9532,9352,10.338197,9612,9352,0.127201,9612,9352,0.027485,9612,9352,0.006845,9612,9352,0.178898,
problem_50_1000_4_2_5.txt,9002,9002,0.000004,9352,9352,10.485023,8322,8322,10.001807,9352,9352,0.027628,9352,9352,0.001647,9352,9352,0.018854,
problem_100_50_1_2_5.txt,1587,784,0.000017,574,569,10.552526,1587,784,0.001341,1587,784,0.004734,1587,786,0.001545,1587,784,0.007465,
problem_100_50_2_2_5.txt,869,750,0.000015,566,569,10.496451,906,786,0.001091,906,786,0.004653,906,786,0.001243,906,786,0.021307,
problem_100_50_3_2_5.txt,1395,815,0.000016,783,553,10.346480,1411,831,5.396301,1411,831,0.004915,1411,831,0.002452,1411,831,0.007221,
problem_100_50_4_2_5.txt,800,800,0.000007,556,556,10.573565,322,322,10.001136,831,831,0.005013,831,831,0.000396,831,831,0.006949,
problem_100_100_1_2_5.txt,3330,1491,0.000017,1224,1269,10.604620,3357,1569,0.002294,3403,1570,0.009127,3403,1570,0.003409,3403,1570,0.015743,
problem_100_100_2_2_5.txt,1745,1506,0.000015,1291,1269,10.582822,1810,1570,0.001587,1811,1570,0.009183,1811,1570,0.002569,1811,1570,0.017309,
problem_100_100_3_2_5.txt,2165,1585,0.000017,1535,1305,10.555006,2069,1509,10.002939,2211,1631,0.009495,2211,1631,0.005184,2211,1631,0.030724,
problem_100_100_4_2_5.txt,1606,1606,0.000006,1305,1305,10.568246,722,722,10.002486,1631,1631,0.009672,1631,1631,0.000848,1631,1631,0.008649,
problem_100_500_1_2_5.txt,14874,8909,0.000017,6209,5828,10.374562,14874,8909,0.002091,14912,8959,0.052456,14912,8959,0.014947,14912,8959,0.238487,
problem_100_500_2_2_5.txt,9661,8559,0.000014,6424,6269,10.252215,10075,8966,0.073544,10083,8970,0.053158,10083,8970,0.012988,10083,8970,0.039156,
problem_100_500_3_2_5.txt,9156,8586,0.000017,6183,5953,10.404064,9201,8631,0.015661,9201,8631,0.050716,9201,8631,0.022902,9201,8631,0.013541,
problem_100_500_4_2_5.txt,8206,8206,0.000008,5953,5953,10.410350,3322,3322,10.000755,8631,8631,0.049700,8631,8631,0.004283,8631,8631,0.005839,
problem_100_1000_1_2_5.txt,30360,17714,0.000016,13709,12328,10.409688,30396,17957,0.001441,30553,17951,0.105731,30553,17951,0.029524,30553,17951,0.012685,
problem_100_1000_2_2_5.txt,19871,17423,0.000016,12837,12769,10.418373,20435,17963,0.004937,20438,17967,0.103420,20438,17970,0.025144,20438,17970,0.031399,
problem_100_1000_3_2_5.txt,17374,16804,0.000016,13683,13453,10.417662,17535,16965,0.018866,17535,16965,0.101019,17535,16965,0.050121,17535,16965,0.010473,
problem_100_1000_4_2_5.txt,16673,16673,0.000008,13453,13453,10.327160,8322,8322,10.002741,16965,16965,0.098893,16965,16965,0.006957,16965,16965,0.032706,
problem_500_50_1_2_5.txt,8111,4322,0.000083,574,569,10.513447,8111,4322,0.256235,8111,4322,0.129232,8111,4322,0.185280,8111,4322,0.009317,
problem_500_50_2_2_5.txt,4953,4307,0.000087,566,569,10.324350,4968,4322,0.673909,4968,4322,0.124520,4968,4322,0.146270,4968,4322,0.012276,
problem_500_50_3_2_5.txt,7076,4176,0.000078,785,555,10.551725,5454,2994,10.001249,7090,4190,0.121533,7090,4190,0.252464,7090,4190,0.007117,
problem_500_50_4_2_5.txt,4180,4180,0.000022,555,555,10.510862,306,306,10.002616,4190,4190,0.124039,4190,4190,0.039482,4190,4190,0.011614,
problem_500_100_1_2_5.txt,16440,8356,0.000084,1224,1269,10.216686,16443,8368,0.038517,16455,8372,0.249318,16455,8372,0.368080,16455,8372,0.028025,
problem_500_100_2_2_5.txt,9614,8356,0.000083,1291,1269,10.361768,9630,8372,0.273751,9630,8372,0.244897,9630,8372,0.284317,9630,8372,0.015952,
problem_500_100_3_2_5.txt,11205,8315,0.000083,1535,1305,10.553506,11009,8149,10.001025,11213,8323,0.251127,11213,8323,0.461530,11213,8323,0.008575,
problem_500_100_4_2_5.txt,8315,8315,0.000021,1253,1253,10.270703,656,656,10.001823,8323,8323,0.241452,8323,8323,0.074785,8323,8323,0.006571,
problem_500_500_1_2_5.txt,79924,42610,0.000088,6220,6248,10.490828,79936,42657,0.041752,79974,42668,1.264691,79974,42668,1.842172,79974,42668,0.026186,
problem_500_500_2_2_5.txt,48277,42498,0.000086,6424,6269,10.346273,48456,42672,0.261342,48459,42672,1.264933,48459,42672,1.383179,48459,42672,0.033095,
problem_500_500_3_2_5.txt,45372,42512,0.000096,6183,5953,10.329769,43247,40457,10.003100,45417,42557,1.261832,45417,42557,2.187262,45417,42557,0.034982,
problem_500_500_4_2_5.txt,42392,42392,0.000024,5953,5953,10.357568,2856,2856,10.001743,42557,42557,1.236254,42557,42557,0.405604,42557,42557,0.012321,
problem_500_1000_1_2_5.txt,161198,83919,0.000093,13720,12748,10.550711,161241,84324,0.040543,161592,84328,2.457296,161592,84330,3.703929,161592,84330,0.035363,
problem_500_1000_2_2_5.txt,96111,84317,0.000096,12837,12769,10.527431,96130,84337,0.209127,96131,84338,2.462581,96131,84338,2.722180,96131,84338,0.030471,
problem_500_1000_3_2_5.txt,86564,83654,0.000092,13683,13453,10.550415,86633,83723,8.728560,86633,83723,2.486407,86633,83723,4.440399,86633,83723,0.055725,
problem_500_1000_4_2_5.txt,82918,82918,0.000027,13453,13453,10.329737,7356,7356,10.003560,83723,83723,2.439168,83723,83723,0.779593,83723,83723,0.027456,
problem_10_50_1_3_5.txt,160,70,0.000002,167,80,0.000559,160,70,0.000035,167,80,0.000057,167,80,0.000019,167,80,0.009105,
problem_10_50_2_3_5.txt,83,74,0.000002,91,83,0.000575,91,85,0.000039,91,85,0.000068,91,83,0.000020,91,83,0.009342,
problem_10_50_3_3_5.txt,155,95,0.000002,167,107,0.000521,167,107,0.000485,167,107,0.000087,167,107,0.000021,167,107,0.012797,
problem_10_50_4_3_5.txt,104,104,0.000003,107,107,0.000518,107,107,0.000363,107,107,0.000069,107,107,0.000022,107,107,0.004473,
problem_10_100_1_3_5.txt,416,96,0.000002,438,124,0.000568,438,124,0.000072,438,124,0.000086,438,124,0.000023,438,124,0.007226,
problem_10_100_2_3_5.txt,120,85,0.000002,170,134,0.000523,170,134,0.000051,170,134,0.000093,170,134,0.000024,170,134,0.013059,
problem_10_100_3_3_5.txt,196,126,0.000002,252,182,0.001462,252,182,0.000321,252,182,0.000117,252,182,0.000028,252,182,0.014302,
problem_10_100_4_3_5.txt,132,132,0.000001,182,182,0.001005,182,182,0.009454,182,182,0.000118,182,182,0.000029,182,182,0.008440,
problem_10_500_1_3_5.txt,1494,1090,0.000002,1501,1170,0.000542,1494,1090,0.000039,1501,1170,0.000721,1501,1170,0.000046,1501,1170,0.010142,
problem_10_500_2_3_5.txt,1215,1144,0.000002,1233,1183,0.000535,1215,1144,0.000032,1233,1183,0.000712,1233,1183,0.000046,1233,1183,0.009092,
problem_10_500_3_3_5.txt,969,899,0.000002,1092,1032,0.000521,1092,1032,0.001247,1092,1032,0.000620,1092,1032,0.000049,1092,1032,0.035908,
problem_10_500_4_3_5.txt,904,904,0.000002,1032,1032,0.000527,1032,1032,0.016414,1032,1032,0.000615,1032,1032,0.000067,1032,1032,0.011761,
problem_10_1000_1_3_5.txt,3347,1663,0.000002,3725,2152,0.000519,3692,2186,0.000041,3725,2152,0.001281,3725,2152,0.000056,3725,2152,0.006833,
problem_10_1000_2_3_5.txt,1919,1796,0.000001,2148,2181,0.000517,2084,2178,0.000045,2148,2181,0.001310,2148,2181,0.000054,2148,2181,0.013729,
problem_10_1000_3_3_5.txt,1320,1250,0.000002,1589,1529,0.000570,1589,1529,0.004053,1589,1529,0.000912,1589,1529,0.000082,1589,1529,0.070485,
problem_10_1000_4_3_5.txt,1404,1404,0.000002,1532,1532,0.000558,1532,1532,0.027766,1532,1532,0.000955,1532,1532,0.000061,1532,1532,0.007810,
problem_50_50_1_3_5.txt,1049,535,0.000009,506,465,10.387339,1052,539,0.000521,1052,539,0.002001,1052,539,0.000356,1052,539,0.014698,
problem_50_50_2_3_5.txt,595,536,0.000008,452,465,10.407368,597,541,0.000436,599,541,0.001612,599,541,0.000401,599,541,0.009478,
problem_50_50_3_3_5.txt,893,533,0.000009,676,446,10.386139,897,537,0.001490,897,537,0.001573,897,537,0.000483,897,537,0.012398,
problem_50_50_4_3_5.txt,536,536,0.000006,446,446,10.398474,303,303,10.001148,537,537,0.001636,537,537,0.000256,537,537,0.008853,
problem_50_100_1_3_5.txt,2088,1035,0.000010,1106,915,10.336758,2088,1035,0.000503,2088,1040,0.003074,2088,1035,0.000645,2088,1035,0.009381,
problem_50_100_2_3_5.txt,1164,1008,0.000008,978,925,10.533341,1193,1040,0.005098,1194,1041,0.003067,1194,1041,0.000643,1194,1041,0.015216,
problem_50_100_3_3_5.txt,1412,1062,0.000008,1182,952,10.525127,1462,1112,2.928087,1462,1112,0.003290,1462,1112,0.000950,1462,1112,0.013256,
problem_50_100_4_3_5.txt,1104,1104,0.000005,952,952,10.542787,553,553,10.001628,1112,1112,0.003236,1112,1112,0.000389,1112,1112,0.224335,
problem_50_500_1_3_5.txt,8824,6405,0.000009,4906,5415,10.325808,8824,6405,0.000504,8846,6433,0.019277,8846,6433,0.003715,8846,6433,0.010784,
problem_50_500_2_3_5.txt,6666,6170,0.000008,5267,5415,10.509997,6777,6425,0.000514,6925,6439,0.019548,6925,6439,0.003712,6925,6439,0.045707,
problem_50_500_3_3_5.txt,6070,5720,0.000009,6076,5846,10.238284,6262,5912,2.096515,6262,5912,0.017308,6262,5912,0.005407,6262,5912,0.036410,
problem_50_500_4_3_5.txt,5846,5846,0.000005,5846,5846,10.403371,3053,3053,10.002162,5912,5912,0.017212,5912,5912,0.001616,5912,5912,0.013653,
problem_50_1000_1_3_5.txt,19159,12829,0.000009,12396,11176,10.389007,19237,13671,0.000501,19896,13673,0.040109,19896,13673,0.005848,19896,13673,0.013174,
problem_50_1000_2_3_5.txt,14474,13513,0.000008,11511,11647,10.408162,14554,13632,0.000336,14634,13691,0.040133,14634,13691,0.006283,14634,13691,0.013708,
problem_50_1000_3_3_5.txt,13317,12977,0.000008,12576,12346,10.389533,13502,13162,0.134854,13502,13162,0.038594,13502,13162,0.010843,13502,13162,0.035950,
problem_50_1000_4_3_5.txt,13010,13010,0.000005,12552,12552,10.497356,5553,5553,10.001262,13162,13162,0.038235,13162,13162,0.003565,13162,13162,0.074633,
problem_100_50_1_3_5.txt,2086,1206,0.000026,506,465,10.491378,2090,1213,0.003493,2093,1216,0.007310,2093,1216,0.002665,2093,1216,0.008639,
problem_100_50_2_3_5.txt,1315,1178,0.000016,452,465,10.330816,1352,1216,0.085718,1352,1216,0.007267,1352,1216,0.002639,1352,1216,0.069333,
problem_100_50_3_3_5.txt,1922,1192,0.000018,676,446,10.344793,1932,1202,0.223376,1932,1202,0.007092,1932,1202,0.003975,1932,1202,0.015338,
problem_100_50_4_3_5.txt,1195,1195,0.000011,446,446,10.331998,303,303,10.000457,1202,1202,0.007074,1202,1202,0.001312,1202,1202,0.007839,
problem_100_100_1_3_5.txt,4142,2234,0.000017,1150,925,10.524109,4142,2234,0.002691,4142,2234,0.013333,4142,2234,0.005053,4142,2234,0.023719,
problem_100_100_2_3_5.txt,2460,2227,0.000016,978,925,10.520323,2472,2241,0.035511,2473,2241,0.013232,2473,2241,0.005370,2473,2241,0.015479,
problem_100_100_3_3_5.txt,3031,2321,0.000016,1182,952,10.521808,3062,2352,6.428971,3062,2352,0.013946,3062,2352,0.007568,3062,2352,0.035120,
problem_100_100_4_3_5.txt,2298,2298,0.000009,946,946,10.217456,553,553,10.002547,2352,2352,0.013738,2352,2352,0.002228,2352,2352,0.007491,
problem_100_500_1_3_5.txt,19429,12987,0.000017,5091,5001,10.418345,19464,13388,0.004323,19728,13385,0.078998,19728,13385,0.029391,19728,13385,0.022229,
problem_100_500_2_3_5.txt,14346,13213,0.000017,5267,5415,10.433433,14450,13372,0.002436,14512,13387,0.079437,14512,13387,0.026229,14512,13387,0.071229,
problem_100_500_3_3_5.txt,12674,11974,0.000017,6076,5846,10.238430,9430,8840,10.001633,12952,12252,0.071313,12952,12252,0.039702,12952,12252,0.247658,
problem_100_500_4_3_5.txt,12238,12238,0.000009,5846,5846,10.319841,3053,3053,10.002233,12252,12252,0.071546,12252,12252,0.011454,12252,12252,0.012714,
problem_100_1000_1_3_5.txt,42366,26293,0.000017,12650,11725,10.490394,42396,26872,0.003908,42821,26883,0.158058,42821,26883,0.057101,42821,26883,0.024274,
problem_100_1000_2_3_5.txt,28770,26835,0.000016,11511,11647,10.391098,28770,26835,0.002204,28814,26888,0.156668,28814,26888,0.047047,28814,26888,0.034675,
problem_100_1000_3_3_5.txt,27155,26465,0.000017,12576,12346,10.462764,27192,26502,0.005026,27192,26502,0.155886,27192,26502,0.084700,27192,26502,0.013137,
problem_100_1000_4_3_5.txt,26324,26324,0.000009,12552,12552,10.509237,5553,5553,10.000511,26502,26502,0.153828,26502,26502,0.023878,26502,26502,0.015728,
problem_500_50_1_3_5.txt,10222,6402,0.000086,506,465,10.467095,10224,6410,0.280427,10227,6410,0.193031,10227,6410,0.334577,10227,6409,0.013721,
problem_500_50_2_3_5.txt,7122,6393,0.000082,452,465,10.373156,7139,6410,0.067850,7139,6410,0.188115,7139,6410,0.281216,7139,6410,0.012115,
problem_500_50_3_3_5.txt,9717,6167,0.000080,682,452,10.516864,9118,5708,10.002301,9723,6173,0.184167,9723,6173,0.459954,9723,6173,0.008290,
problem_500_50_4_3_5.txt,6150,6150,0.000027,446,446,10.323053,281,281,10.003406,6173,6173,0.180820,6173,6173,0.108565,6173,6173,0.012142,
problem_500_100_1_3_5.txt,20922,12204,0.000095,1150,925,10.506743,20924,12210,0.061510,20925,12209,0.356314,20925,12210,0.649451,20925,12210,0.049959,
problem_500_100_2_3_5.txt,13652,12196,0.000082,978,925,10.504007,13666,12210,0.048636,13666,12210,0.355405,13666,12210,0.537864,13666,12210,0.019211,
problem_500_100_3_3_5.txt,15793,12243,0.000092,1182,952,10.500069,11489,8519,10.002847,15823,12273,0.367611,15823,12273,0.837469,15823,12273,0.009458,
problem_500_100_4_3_5.txt,12238,12238,0.000028,946,946,10.285578,531,531,10.002927,12273,12273,0.355702,12273,12273,0.234707,12272,12272,0.006339,
problem_500_500_1_3_5.txt,102800,64385,0.000107,5091,5001,10.444938,102817,64708,0.065256,103044,64710,1.909728,103044,64710,3.509819,103042,64709,0.039516,
problem_500_500_2_3_5.txt,70702,64491,0.000082,5267,5415,10.239879,70859,64699,0.260278,70918,64710,1.928729,70918,64710,3.050215,70914,64710,0.050896,
problem_500_500_3_3_5.txt,68317,64817,0.000096,6076,5846,10.292813,24866,22786,10.002637,68573,65073,1.888957,68573,65073,4.126719,68573,65073,0.145563,
problem_500_500_4_3_5.txt,64829,64829,0.000029,5846,5846,10.452671,3031,3031,10.003858,65073,65073,1.882218,65073,65073,1.163843,65073,65073,0.012132,
problem_500_1000_1_3_5.txt,204390,124136,0.000095,12650,11725,10.489458,204492,124448,0.059088,204633,124456,3.619512,204633,124456,6.651026,204633,124456,0.033011,
problem_500_1000_2_3_5.txt,135787,123533,0.000085,11511,11647,10.459298,136635,124454,0.040872,136708,124460,3.689540,136708,124460,5.281375,136698,124456,0.052617,
problem_500_1000_3_3_5.txt,132774,129264,0.000102,12576,12346,10.347788,132833,129323,7.778280,132833,129323,3.774390,132833,129323,8.321186,132824,129314,0.043495,
problem_500_1000_4_3_5.txt,128427,128427,0.000027,12346,12346,10.474718,5031,5031,10.001592,129323,129323,3.794945,129323,129323,2.376402,129323,129323,0.017305,
problem_10_50_1_4_5.txt,212,90,0.000002,222,116,0.000691,212,90,0.000066,222,116,0.000132,222,116,0.000021,222,116,0.007125,
problem_10_50_2_4_5.txt,122,111,0.000002,123,114,0.000592,122,111,0.000084,123,116,0.000101,123,114,0.000022,123,114,0.011121,
problem_10_50_3_4_5.txt,224,144,0.000002,224,144,0.000598,224,144,0.000044,224,144,0.000116,224,144,0.000022,224,144,0.009260,
problem_10_50_4_4_5.txt,139,139,0.000002,148,148,0.000542,148,148,0.015511,148,148,0.000092,148,148,0.000037,148,148,0.007226,
problem_10_100_1_4_5.txt,528,329,0.000002,528,329,0.000537,528,329,0.000045,528,329,0.000213,528,329,0.000028,528,329,0.006211,
problem_10_100_2_4_5.txt,329,306,0.000002,357,343,0.000522,354,340,0.000051,357,348,0.000268,357,343,0.000032,357,343,0.017766,
problem_10_100_3_4_5.txt,448,378,0.000002,484,414,0.000587,484,414,0.002219,484,414,0.000269,484,414,0.000033,484,414,0.012216,
problem_10_100_4_4_5.txt,389,389,0.000002,414,414,0.000536,414,414,0.027725,414,414,0.000253,414,414,0.000045,414,414,0.014177,
problem_10_500_1_4_5.txt,2589,1759,0.000002,2589,1942,0.000535,2589,1759,0.000053,2589,1759,0.001173,2589,1942,0.000063,2589,1759,0.007157,
problem_10_500_2_4_5.txt,1953,1858,0.000002,1996,1946,0.000558,1953,1858,0.000044,1996,1946,0.001227,1996,1946,0.000064,1996,1946,0.043460,
problem_10_500_3_4_5.txt,1787,1717,0.000002,2077,2007,0.000535,2077,2007,0.002088,2077,2007,0.001207,2077,2007,0.000081,2077,2007,0.081396,
problem_10_500_4_4_5.txt,1889,1889,0.000002,2013,2013,0.000551,2013,2013,0.121286,2013,2013,0.001336,2013,2013,0.000078,2013,2013,0.101054,
problem_10_1000_1_4_5.txt,5794,3531,0.000002,5794,3531,0.000548,5794,3531,0.000036,5794,3531,0.002190,5794,3531,0.000144,5794,3531,0.006080,
problem_10_1000_2_4_5.txt,3409,3213,0.000002,3692,3539,0.000552,3615,3532,0.000050,3692,3539,0.002188,3692,3539,0.000127,3692,3539,0.082586,
problem_10_1000_3_4_5.txt,4287,4217,0.000002,4740,4670,0.000554,4740,4670,0.028435,4740,4670,0.002814,4740,4670,0.000170,4740,4670,0.107280,
problem_10_1000_4_4_5.txt,4389,4389,0.000002,4676,4676,0.000590,4676,4676,0.123767,4676,4676,0.002782,4676,4676,0.000143,4676,4676,0.072608,
problem_50_50_1_4_5.txt,1283,726,0.000009,675,452,10.497846,1283,726,0.000644,1283,726,0.002188,1283,726,0.000575,1283,726,0.010191,
problem_50_50_2_4_5.txt,770,703,0.000008,470,479,10.494360,792,730,0.000565,796,730,0.002175,796,730,0.000604,796,730,0.012727,
problem_50_50_3_4_5.txt,1214,814,0.000012,727,507,10.326621,1240,840,0.918632,1240,840,0.002541,1240,840,0.000722,1240,840,0.013645,
problem_50_50_4_4_5.txt,796,796,0.000007,507,507,10.332009,298,298,10.001236,840,840,0.002397,840,840,0.000454,840,840,0.006288,
problem_50_100_1_4_5.txt,2448,1583,0.000010,1375,1152,10.483075,2449,1595,0.000689,2449,1595,0.004774,2449,1595,0.001213,2449,1595,0.016006,
problem_50_100_2_4_5.txt,1718,1576,0.000009,1172,1179,10.522339,1725,1595,0.000606,1735,1597,0.004750,1735,1597,0.001325,1735,1597,0.012886,
problem_50_100_3_4_5.txt,2203,1813,0.000009,1526,1296,10.497324,2230,1840,0.188497,2230,1840,0.005335,2230,1840,0.001860,2230,1840,0.016872,
problem_50_100_4_4_5.txt,1824,1824,0.000006,1296,1296,10.515998,848,848,10.000709,1840,1840,0.005342,1840,1840,0.000909,1840,1840,0.225984,
problem_50_500_1_4_5.txt,10495,8201,0.000010,5975,6052,10.312130,10495,8201,0.002272,10495,8201,0.024165,10495,8201,0.005707,10495,8201,0.008695,
problem_50_500_2_4_5.txt,8358,7826,0.000009,6154,6079,10.482445,8728,8260,0.000630,8773,8262,0.024436,8773,8262,0.004960,8773,8262,0.021506,
problem_50_500_3_4_5.txt,8853,8453,0.000009,7036,6816,10.463020,9040,8640,0.084842,9040,8640,0.025509,9040,8640,0.008951,9040,8640,0.047063,
problem_50_500_4_4_5.txt,8217,8217,0.000005,6816,6816,10.178040,4048,4048,10.002226,8640,8640,0.025608,8640,8640,0.003867,8640,8640,0.075086,
problem_50_1000_1_4_5.txt,21914,16680,0.000010,13475,11052,10.399465,21918,16751,0.001458,21988,16917,0.049857,21988,16917,0.010315,21988,16917,0.019398,
problem_50_1000_2_4_5.txt,17537,16822,0.000018,10996,11052,10.404819,17537,16822,0.001685,17623,16928,0.049574,17623,16928,0.009692,17623,16928,0.027416,
problem_50_1000_3_4_5.txt,17112,16712,0.000009,13536,13316,10.407761,17706,17306,1.997364,17706,17306,0.051688,17706,17306,0.018298,17706,17306,0.053051,
problem_50_1000_4_4_5.txt,17303,17303,0.000005,13316,13316,10.238017,8548,8548,10.007524,17306,17306,0.050576,17306,17306,0.008611,17306,17306,0.009738,
problem_100_50_1_4_5.txt,2441,1575,0.000016,675,452,10.349647,2441,1575,0.004505,2441,1575,0.009382,2441,1576,0.004688,2441,1575,0.006542,
problem_100_50_2_4_5.txt,1713,1566,0.000018,458,464,10.372977,1717,1576,0.003764,1722,1576,0.009201,1722,1576,0.004297,1722,1576,0.011581,
problem_100_50_3_4_5.txt,2479,1669,0.000018,727,507,10.374898,2497,1687,2.624263,2497,1687,0.009955,2497,1687,0.006078,2497,1687,0.248660,
problem_100_50_4_4_5.txt,1682,1682,0.000010,507,507,10.323970,298,298,10.001802,1687,1687,0.010256,1687,1687,0.002916,1687,1687,0.007659,
problem_100_100_1_4_5.txt,4803,3244,0.000019,1375,1152,10.496986,4812,3275,0.002096,4819,3276,0.019374,4819,3276,0.009210,4819,3276,0.018865,
problem_100_100_2_4_5.txt,3533,3240,0.000023,1147,1152,10.299578,3550,3271,0.003648,3566,3276,0.019633,3566,3276,0.008622,3566,3276,0.019312,
problem_100_100_3_4_5.txt,4188,3388,0.000018,1526,1296,10.460606,4133,3343,10.003010,4220,3420,0.020247,4220,3420,0.012782,4220,3420,0.035333,
problem_100_100_4_4_5.txt,3390,3390,0.000010,1296,1296,10.466424,848,848,10.000530,3420,3420,0.020383,3420,3420,0.005112,3420,3420,0.010965,
problem_100_500_1_4_5.txt,22860,16950,0.000017,5975,6052,10.458784,22871,17208,0.004455,22929,17206,0.100023,22929,17206,0.045983,22929,17206,0.023506,
problem_100_500_2_4_5.txt,18454,17162,0.000019,6064,6034,10.474227,18469,17206,0.003883,18494,17207,0.101052,18494,17207,0.040586,18494,17207,0.022838,
problem_100_500_3_4_5.txt,16644,15824,0.000018,7051,6831,10.475926,16707,15887,0.037772,16707,15887,0.092956,16707,15887,0.063281,16707,15887,0.242724,
problem_100_500_4_4_5.txt,15590,15590,0.000010,6816,6816,10.306988,4048,4048,10.001912,15887,15887,0.094061,15887,15887,0.024782,15887,15887,0.025424,
problem_100_1000_1_4_5.txt,45810,34846,0.000019,13475,11052,10.188654,45810,34846,0.003140,45810,34846,0.202725,45810,34846,0.090262,45810,34846,0.010005,
problem_100_1000_2_4_5.txt,35772,34317,0.000017,10996,11052,10.353047,36112,34857,0.003883,36285,34875,0.203636,36285,34875,0.083184,36285,34875,0.045100,
problem_100_1000_3_4_5.txt,32908,32098,0.000018,13536,13316,10.460126,22691,22021,10.002307,33697,32887,0.190211,33697,32887,0.127065,33697,32887,0.014253,
problem_100_1000_4_4_5.txt,32590,32590,0.000021,13464,13464,10.485063,8548,8548,10.000622,32887,32887,0.192020,32887,32887,0.049561,32887,32887,0.027636,
problem_500_50_1_4_5.txt,11906,8209,0.000091,675,452,10.458268,11907,8222,0.310403,11913,8222,0.246702,11913,8222,0.541993,11913,8222,0.027082,
problem_500_50_2_4_5.txt,8915,8215,0.000083,454,459,10.329971,8916,8222,0.076164,8921,8222,0.243218,8921,8222,0.454603,8921,8222,0.014158,
problem_500_50_3_4_5.txt,12383,8303,0.000083,727,507,10.298008,11945,7955,10.002050,12388,8308,0.243075,12388,8308,0.700798,12388,8308,0.008392,
problem_500_50_4_4_5.txt,8269,8269,0.000034,514,514,10.482547,277,277,10.001064,8308,8308,0.243623,8308,8308,0.284584,8308,8308,0.010001,
problem_500_100_1_4_5.txt,22631,16201,0.000114,1375,1152,10.461598,22633,16251,0.092130,22659,16256,0.476020,22659,16256,1.104202,22657,16252,0.030526,
problem_500_100_2_4_5.txt,17428,16205,0.000089,1160,1164,10.476374,17466,16255,0.072776,17476,16256,0.473677,17476,16256,0.871673,17476,16256,0.013075,
problem_500_100_3_4_5.txt,20384,16294,0.000085,1526,1296,10.463035,18728,14828,10.003127,20398,16308,0.482453,20398,16308,1.289422,20398,16308,0.008828,
problem_500_100_4_4_5.txt,16306,16306,0.000033,1296,1296,10.290647,777,777,10.000700,16308,16308,0.474024,16308,16308,0.569360,16308,16308,0.012302,
problem_500_500_1_4_5.txt,114914,82193,0.000096,5975,6052,10.447511,114928,82235,0.089656,114940,82254,2.395314,114940,82254,5.467591,114940,82254,0.029869,
problem_500_500_2_4_5.txt,88703,82011,0.000116,6064,6034,10.444727,88874,82244,0.061511,88937,82256,2.385940,88937,82256,4.505809,88931,82253,0.042108,
problem_500_500_3_4_5.txt,87321,83241,0.000107,7036,6816,10.449284,87322,83242,0.096434,87322,83242,2.418500,87322,83242,6.174458,87322,83242,0.010979,
problem_500_500_4_4_5.txt,83187,83187,0.000035,6964,6964,10.483904,3777,3777,10.001415,83242,83242,2.424832,83242,83242,2.971121,83242,83242,0.013813,
problem_500_1000_1_4_5.txt,230481,171443,0.000097,13475,11052,10.497438,230494,171922,0.088395,230711,171920,5.130920,230711,171920,11.011595,230711,171920,0.034143,
problem_500_1000_2_4_5.txt,181917,171332,0.000095,10996,11052,10.298193,182339,171911,0.060698,182466,171922,5.130362,182466,171922,9.531460,182465,171922,0.050265,
problem_500_1000_3_4_5.txt,174046,169986,0.000124,13536,13316,10.305683,49031,46921,10.002202,174635,170575,5.007750,174635,170575,12.395534,174633,170573,0.115921,
problem_500_1000_4_4_5.txt,170056,170056,0.000033,13316,13316,10.439234,8277,8277,10.002544,170575,170575,5.005705,170575,170575,5.994199,170575,170575,0.040519,
problem_10_50_1_5_5.txt,235,200,0.000002,244,240,0.000544,244,240,0.000053,244,240,0.000149,244,240,0.000029,244,240,0.010229,
problem_10_50_2_5_5.txt,242,234,0.000002,243,238,0.000538,242,234,0.000054,243,237,0.000157,243,238,0.000041,243,237,0.009474,
problem_10_50_3_5_5.txt,309,219,0.000002,309,219,0.000517,309,219,0.000051,309,219,0.000141,309,219,0.000043,309,219,0.006127,
problem_10_50_4_5_5.txt,208,208,0.000002,220,220,0.000615,220,220,0.047165,220,220,0.000137,220,220,0.000029,220,220,0.009834,
problem_10_100_1_5_5.txt,631,414,0.000002,631,414,0.000539,631,414,0.000042,631,414,0.000313,631,414,0.000059,631,414,0.007653,
problem_10_100_2_5_5.txt,449,418,0.000002,505,484,0.000569,505,484,0.000053,505,484,0.000296,505,484,0.000036,505,484,0.010920,
problem_10_100_3_5_5.txt,507,427,0.000002,591,511,0.000541,591,511,0.003259,591,511,0.000311,591,511,0.000049,591,511,0.012057,
problem_10_100_4_5_5.txt,458,458,0.000002,511,511,0.000522,511,511,0.122918,511,511,0.000358,511,511,0.000052,511,511,0.009419,
problem_10_500_1_5_5.txt,1943,2307,0.000002,1943,2307,0.000528,1943,2307,0.000042,1943,2307,0.001380,1943,2307,0.000090,1943,2307,0.004353,
problem_10_500_2_5_5.txt,2136,1960,0.000002,2418,2307,0.000541,2402,2292,0.000053,2418,2307,0.001364,2418,2307,0.000096,2418,2307,0.007572,
problem_10_500_3_5_5.txt,1972,1892,0.000002,2342,2262,0.000647,2342,2262,0.003628,2342,2262,0.001347,2342,2262,0.000094,2342,2262,0.012283,
problem_10_500_4_5_5.txt,1931,1931,0.000002,2262,2262,0.000560,2262,2262,0.001393,2262,2262,0.001411,2262,2262,0.000118,2262,2262,0.009921,
problem_10_1000_1_5_5.txt,3331,4414,0.000002,3376,4799,0.000543,3376,4799,0.000078,3376,4799,0.003044,3376,4799,0.000201,3376,4799,0.009885,
problem_10_1000_2_5_5.txt,4896,4614,0.000002,5421,5174,0.000546,5191,5212,0.000326,5421,5174,0.003076,5421,5174,0.000179,5421,5174,0.010129,
problem_10_1000_3_5_5.txt,4378,4288,0.000002,4413,4323,0.000541,4413,4323,0.015488,4413,4323,0.002617,4413,4323,0.000239,4413,4323,0.011448,
problem_10_1000_4_5_5.txt,3431,3431,0.000002,4331,4331,0.000539,4331,4331,0.012444,4331,4331,0.002808,4331,4331,0.000192,4331,4331,0.011823,
problem_50_50_1_5_5.txt,1206,1010,0.000010,733,648,10.472534,1209,1024,0.000818,1209,1024,0.003069,1209,1024,0.001015,1209,1024,0.012712,
problem_50_50_2_5_5.txt,1053,1001,0.000009,644,648,10.443801,1077,1034,0.002302,1082,1035,0.003138,1082,1035,0.000984,1082,1035,0.015726,
problem_50_50_3_5_5.txt,1606,1166,0.000009,895,665,10.236651,1315,935,10.000618,1643,1203,0.003555,1643,1203,0.001374,1643,1203,0.248474,
problem_50_50_4_5_5.txt,1182,1182,0.000007,665,665,10.191134,371,371,10.001546,1203,1203,0.003522,1203,1203,0.000733,1203,1203,0.006941,
problem_50_100_1_5_5.txt,2587,2236,0.000010,1333,1398,10.341635,2587,2236,0.001538,2587,2236,0.006658,2587,2236,0.002003,2587,2236,0.008649,
problem_50_100_2_5_5.txt,2331,2216,0.000009,1402,1398,10.361142,2339,2244,0.000712,2355,2244,0.006475,2355,2244,0.001968,2355,2244,0.010983,
problem_50_100_3_5_5.txt,2758,2318,0.000010,1695,1465,10.348045,2312,1922,10.001886,2851,2411,0.007097,2851,2411,0.002605,2851,2411,0.018595,
problem_50_100_4_5_5.txt,2382,2382,0.000006,1465,1465,10.359404,871,871,10.002257,2411,2411,0.007071,2411,2411,0.001636,2411,2411,0.009874,
problem_50_500_1_5_5.txt,12009,8722,0.000010,5433,5698,10.267259,12045,9111,0.002776,12184,9108,0.027957,12184,9108,0.007600,12184,9108,0.013088,
problem_50_500_2_5_5.txt,9777,9025,0.000009,5946,5698,10.383689,9808,9125,0.000570,9873,9157,0.026968,9873,9157,0.006942,9873,9157,0.037260,
problem_50_500_3_5_5.txt,9999,9549,0.000010,5895,5665,10.465582,10444,9994,10.000885,10445,9995,0.029727,10445,9995,0.011241,10445,9995,0.030712,
problem_50_500_4_5_5.txt,9921,9921,0.000006,5665,5665,10.483925,3471,3471,10.000947,9995,9995,0.029489,9995,9995,0.006207,9995,9995,0.036386,
problem_50_1000_1_5_5.txt,24216,18465,0.000010,9825,12411,10.471302,24248,19131,0.000809,24330,19136,0.056356,24330,19136,0.017761,24330,19136,0.014148,
problem_50_1000_2_5_5.txt,19880,19143,0.000008,12725,13045,10.241504,19880,19143,0.002127,19884,19154,0.056283,19884,19154,0.016201,19884,19154,0.013500,
problem_50_1000_3_5_5.txt,20523,20073,0.000010,11895,11665,10.463317,21138,20688,10.001557,21278,20828,0.062531,21278,20828,0.022359,21276,20826,0.013622,
problem_50_1000_4_5_5.txt,20082,20082,0.000006,11665,11665,10.215689,6971,6971,10.001856,20828,20828,0.061474,20828,20828,0.013059,20827,20827,0.024915,
problem_100_50_1_5_5.txt,2343,2155,0.000019,733,648,10.375516,2344,2170,0.005576,2347,2175,0.012935,2347,2175,0.007438,2347,2175,0.011316,
problem_100_50_2_5_5.txt,2269,2171,0.000018,644,648,10.381191,2269,2171,0.005082,2272,2175,0.012845,2272,2175,0.007331,2272,2175,0.239285,
problem_100_50_3_5_5.txt,2974,2064,0.000018,895,665,10.313444,2978,2068,0.008644,2978,2068,0.012235,2978,2068,0.009657,2978,2068,0.013308,
problem_100_50_4_5_5.txt,2065,2065,0.000011,665,665,10.493140,371,371,10.002379,2068,2068,0.012340,2068,2068,0.004669,2068,2068,0.007949,
problem_100_100_1_5_5.txt,4976,4167,0.000019,1333,1398,10.453257,4976,4167,0.223540,4976,4167,0.025307,4976,4167,0.015078,4976,4167,0.011402,
problem_100_100_2_5_5.txt,4368,4125,0.000019,1402,1398,10.325131,4404,4174,0.220153,4411,4175,0.025496,4411,4175,0.014665,4411,4175,0.023807,
problem_100_100_3_5_5.txt,5276,4376,0.000019,1695,1465,10.282345,3960,3200,10.003160,5343,4443,0.025523,5343,4443,0.018265,5343,4443,0.031621,
problem_100_100_4_5_5.txt,4442,4442,0.000012,1465,1465,10.477543,871,871,10.001026,4443,4443,0.026218,4443,4443,0.010972,4443,4443,0.008560,
problem_100_500_1_5_5.txt,26342,20120,0.000027,5433,5698,10.433094,26359,20496,0.005502,26463,20497,0.118546,26463,20497,0.063734,26463,20497,0.014484,
problem_100_500_2_5_5.txt,21820,20493,0.000018,5946,5698,10.463555,21820,20493,0.003955,21826,20508,0.120376,21826,20508,0.069472,21826,20508,0.028677,
problem_100_500_3_5_5.txt,20227,19317,0.000018,5895,5665,10.471950,16583,15763,10.000417,20603,19693,0.114301,20603,19693,0.082119,20603,19693,0.022351,
problem_100_500_4_5_5.txt,19531,19531,0.000010,5665,5665,10.501049,3471,3471,10.000538,19693,19693,0.117177,19693,19693,0.042546,19693,19693,0.013025,
problem_100_1000_1_5_5.txt,50781,38747,0.000018,9710,12779,10.316704,50862,39586,0.005015,50973,39569,0.229740,50973,39569,0.125712,50973,39569,0.017085,
problem_100_1000_2_5_5.txt,40573,39056,0.000021,12725,13045,10.471380,40960,39628,0.003986,41106,39674,0.229536,41106,39674,0.103557,41106,39674,0.040437,
problem_100_1000_3_5_5.txt,39769,38859,0.000019,11895,11665,10.488477,29781,28991,10.002228,40603,39693,0.229585,40603,39693,0.173185,40599,39689,0.062852,
problem_100_1000_4_5_5.txt,39609,39609,0.000019,11665,11665,10.444684,6971,6971,10.000364,39693,39693,0.230316,39693,39693,0.080305,39693,39693,0.012896,
problem_500_50_1_5_5.txt,12768,10780,0.000097,733,648,10.423948,12769,10818,0.391910,12777,10820,0.325584,12777,10820,0.842314,12777,10820,0.022398,
problem_500_50_2_5_5.txt,11235,10811,0.000090,644,648,10.332277,11237,10820,0.094766,11243,10820,0.322941,11243,10820,0.744739,11242,10820,0.015695,
problem_500_50_3_5_5.txt,15359,10809,0.000082,895,665,10.335602,12037,8107,10.003332,15371,10821,0.316471,15371,10821,0.998129,15371,10821,0.006931,
problem_500_50_4_5_5.txt,10777,10777,0.000037,665,665,10.530821,352,352,10.001864,10821,10821,0.313383,10821,10821,0.540870,10821,10821,0.021780,
problem_500_100_1_5_5.txt,25574,21143,0.000098,1349,1356,10.537159,25574,21143,0.123719,25576,21153,0.611857,25576,21153,1.671732,25576,21153,0.022217,
problem_500_100_2_5_5.txt,22085,21124,0.000094,1402,1398,10.520059,22098,21151,0.083729,22110,21153,0.616961,22110,21153,1.392680,22110,21153,0.021497,
problem_500_100_3_5_5.txt,26196,21646,0.000093,1695,1465,10.507961,25393,20923,10.003030,26205,21655,0.640634,26205,21655,1.870227,26205,21655,0.008728,
problem_500_100_4_5_5.txt,21629,21629,0.000044,1465,1465,10.333535,852,852,10.000889,21655,21655,0.627631,21655,21655,1.074191,21655,21655,0.007077,
problem_500_500_1_5_5.txt,128498,104139,0.000106,5433,5698,10.511814,128503,104534,0.125139,128608,104567,3.064099,128608,104567,8.250910,128604,104552,0.020668,
problem_500_500_2_5_5.txt,109046,104142,0.000092,5946,5698,10.529694,109392,104570,0.086670,109432,104570,3.044647,109432,104570,7.058253,109429,104565,0.077459,
problem_500_500_3_5_5.txt,112612,108072,0.000098,5895,5665,10.491930,10824,9514,10.004002,113028,108488,3.175942,113028,108488,9.080236,113027,108487,0.167377,
problem_500_500_4_5_5.txt,108439,108439,0.000036,5665,5665,10.464709,3452,3452,10.001010,108488,108488,3.229167,108488,108488,5.786971,108488,108488,0.014915,
problem_500_1000_1_5_5.txt,252343,209248,0.000100,9433,12698,10.212526,252347,209544,0.334887,252403,209557,6.335811,252403,209557,16.541233,252403,209557,0.029323,
problem_500_1000_2_5_5.txt,216502,208986,0.000095,12725,13045,10.343613,216898,209562,0.307015,217026,209569,6.258860,217026,209570,14.079578,217026,209569,0.052654,
problem_500_1000_3_5_5.txt,221314,216774,0.000106,11895,11665,10.343477,18098,16848,10.000810,222195,217655,6.417088,222195,217655,17.782388,222192,217652,0.080868,
problem_500_1000_4_5_5.txt,216897,216897,0.000037,11665,11665,10.480845,6952,6952,10.001045,217655,217655,6.405825,217655,217655,11.323760,217655,217655,0.014282,
